ID,Organisation,First Name,Last Name,Email,Billing Email,Phone Number,Address 1,Address 2,Address 3,Town,Region,Postcode,Country,Mobile Phone Number,Contact VAT Number,Charge Sales Tax?,Default Invoice Payment Terms,Total Invoiced,Total Billed,GoCardless Mandate?,Notes,Active?
1,Vazquez-Hampton,Jennifer,Higgins,michele65@davidson.info,,,369 Murphy Pines,,,Gordonland,Florida,94619,United States,,,Auto,,750,0,No,,Yes
2,Powers Ltd,Daniel,Clark,pwalters@gmail.com,,,57999 Michael Path,,,New Andrew,South Carolina,1699,United States,,,Auto,,30,0,No,,Yes
3,Washington-Sanchez,Travis,Weaver,jesus66@clark.com,,,20942 Jeffery Junction,,,Jeffreyborough,Montana,72399,United States,,,Auto,,37397.14,0,No,,Yes
4,"Avery, Cross and Carter",Bonnie,Espinoza,bartonjennifer@fox.com,,,575 Mccoy Meadow,,,Patrickhaven,Maine,32265,United States,,,Auto,,1100,0,No,,Yes
5,"Rice, Cruz and Gomez",Ryan,Young,virginia59@hotmail.com,,,849 Bowers Pass Apt. 078,,,New Ellen,West Virginia,88465,United States,,,Auto,,180,0,No,,Yes
6,Williams-Johnson,Craig,Garcia,wsmith@gmail.com,,,32236 Craig Viaduct Apt. 880,,,West Jessica,Texas,98605,United States,,,Auto,,1326,0,No,,Yes
7,"Nichols, Wilson and Rodriguez",Eugene,Miller,beckertom@mclaughlin-edwards.org,,,16684 Park Groves,,,West Todd,Oklahoma,40699,United States,,,Auto,,750,0,No,,Yes
8,Freeman Group,Curtis,Key,teresataylor@salinas.com,,,1454 Leach Mills,,,Caseymouth,Minnesota,44162,United States,,,Auto,,10167,0,No,,Yes
9,"Morton, Miles and Andrade",Lisa,Lutz,craiggarcia@villanueva-hill.com,,,560 Eric Plain Suite 403,,,West Nathanhaven,Vermont,13797,United States,,,Auto,,2500,0,No,,Yes
10,"Waller, Stevens and Juarez",Kristina,Graham,tbass@gmail.com,,,512 Wong Ranch Suite 175,,,Port Brandon,Illinois,10316,United States,,,Auto,,10755,0,No,,Yes
11,Gregory-Brooks,Richard,Miller,richardbaker@yahoo.com,,,016 Allen Via Apt. 378,,,North Tim,Illinois,98204,United States,,,Auto,14,123047.41,0,No,,Yes
12,Anderson and Sons,Thomas,Jones,bryan84@kennedy.com,,,985 Perry Spurs Suite 678,,,Elizabethberg,Ohio,31281,United States,,,Auto,,50,0,No,,Yes
13,Cummings-Gregory,Tonya,Gamble,lisawilkinson@whitaker.com,,,281 Jill Dale Apt. 005,,,Castilloview,New Jersey,63644,United States,,,Auto,,3550,0,No,,Yes
14,"Parks, Adams and Vaughn",Erik,Bailey,barbara88@baker.info,,,34068 Alexandra Trace Apt. 767,,,Nelsonside,Massachusetts,24933,United States,,,Auto,,7633.52,0,No,,Yes
15,Nash Group,Jennifer,Wilkerson,areid@hotmail.com,,,3002 Hall Knolls,,,Kennethhaven,Kansas,70213,United States,,,Auto,14,14603.4,0,No,,Yes
16,Ingram Ltd,Tracy,Perry,jennifermorales@powell.com,,,9822 Gamble Place Suite 639,,,Williamshaven,Kentucky,35258,United States,,,Auto,,2750,0,No,,Yes
18,"Perez, Brooks and Potter",Kaitlyn,Richards,patrickclarke@gregory-hernandez.com,,,8919 Anthony Harbors,,,Lake Jennifer,Iowa,10127,United States,,,Auto,,1967,0,No,,Yes
19,"Hahn, Mcdaniel and Matthews",Joshua,Fernandez,cfarrell@mckinney.com,,,8839 Flores Courts Apt. 066,,,Garciamouth,Maryland,91744,United States,,,Auto,,350,0,No,,Yes
20,Humphrey-Rodriguez,Sherry,Johnson,yatessandra@hotmail.com,,,81086 Michelle Ridges,,,South Charlesburgh,New Hampshire,57197,United States,,,Auto,,0,1570,No,,Yes
21,"Brown, Welch and Murphy",Patty,Johnson,ellisonkayla@yahoo.com,,,207 Hansen Orchard,,,Austinchester,Ohio,28283,United States,,,Auto,,0,67714,No,,Yes
22,Cox-Walker,Nicole,Carrillo,haleybryant@hotmail.com,,,804 Andrea Common Suite 233,,,North Alyssaburgh,Wisconsin,4529,United States,,,Auto,,0,0,No,,Yes
23,"Maddox, Galvan and Ramirez",James,Garcia,ryan19@thompson.com,,,337 Hodges Gateway,,,Port Katherine,Washington,26718,United States,,,Auto,,225,0,No,,Yes
24,Yoder PLC,Erin,Moore,james25@hotmail.com,,,836 Collins Crossroad,,,Wilsonland,New York,15854,United States,,,Auto,,0,0,No,,Yes
25,Daniel LLC,Bryan,Mcdonald,johnsoneric@hernandez.com,,,464 Krista Road,,,North Debrabury,Pennsylvania,57338,United States,,,Auto,,250,0,No,,Yes
26,Moses LLC,Matthew,Lester,eric99@reed-goodman.net,,,14201 Franklin Curve,,,Lake Madisonborough,Idaho,47943,United States,,,Auto,,1875,0,No,,Yes
27,Miller Ltd,Bruce,Morrison,nhopkins@yahoo.com,,,2208 Moore Port,,,East Matthew,South Dakota,5405,United States,,,Auto,,84.4,0,No,,Yes
28,Elliott Ltd,Alan,Camacho,bradallen@cox.com,,,03617 Gonzalez Ville,,,West Christopher,Vermont,75875,United States,,,Auto,,250,0,No,,Yes
29,Owens-Price,Vincent,Kirk,warnerjames@williams.info,,,083 Sherri Haven,,,South Kimberly,South Carolina,60570,United States,,,Auto,,2450,0,No,,Yes
30,"Scott, Jones and Jenkins",Allison,Carr,andrew36@burnett.biz,,,08749 Erik Loaf,,,North Amy,Rhode Island,84916,United States,,,Auto,,1450,0,No,,Yes
31,Hernandez-Meadows,Sarah,Hudson,uwilliams@baxter-watson.biz,,,37549 Lisa Creek,,,Jenniferside,South Dakota,6736,United States,,,Auto,,850,0,No,,Yes
32,Moore-Roberts,Michael,Acosta,kwiggins@gmail.com,,,683 Michael Fords Suite 859,,,Joshuaport,Idaho,95687,United States,,,Auto,,270,0,No,,Yes
33,Hoffman-Shaw,John,Martin,derekhorn@gmail.com,,,9743 Crystal Common,,,North Johnmouth,Wyoming,34389,United States,,,Auto,,1899,0,No,,Yes
34,"Sullivan, Joseph and Tran",Michelle,Smith,julia56@hotmail.com,,,3786 Tyler Unions,,,Lake Kaitlyn,Arizona,39151,United States,,,Auto,,11140,0,No,,Yes
35,"Murphy, Reid and Lane",Vickie,Campbell,dforbes@johnson.com,,,472 Phillips Gateway,,,West Sean,Virginia,38145,United States,,,Auto,,550,0,No,,Yes
36,"Combs, Martinez and Martin",Holly,Miller,powellvictor@gmail.com,,,97673 Lynn Trace,,,North Johnmouth,California,84180,United States,,,Auto,,450,0,No,,Yes
37,Powers Inc,Alisha,Johnson,armstrongcameron@sanchez-johnson.com,,,411 Brown Walks Apt. 605,,,East Penny,Nebraska,50584,United States,,,Auto,,1982.35,0,No,,Yes
38,Mendoza-Bennett,Zachary,Gilbert,kevin10@hotmail.com,,,885 Garrett Squares Apt. 930,,,Ricktown,Utah,48367,United States,,,Auto,,1831,0,No,,Yes
39,Rodriguez Ltd,Cheryl,Fritz,jessicamiller@gmail.com,,,447 Jennifer Points,,,Bettyfurt,Massachusetts,49278,United States,,,Auto,,500,0,No,,Yes
40,Moore LLC,Kristina,Evans,barrettbruce@gmail.com,,,426 Lowe Spring,,,Beltranland,South Dakota,23726,United States,,,Auto,14,12297,0,No,,Yes
41,"Flynn, Reynolds and Castaneda",Julie,Walker,haynesrichard@smith-merritt.biz,,,892 Leonard Ridge Apt. 309,,,Lake Christopher,Mississippi,38825,United States,,,Auto,,2190,0,No,,Yes
42,Arnold Inc,Katrina,Montoya,youngmichael@yahoo.com,,,4804 Taylor Circle,,,Rachelborough,New York,17405,United States,,,Auto,,1005,0,No,,Yes
43,Pollard-Huang,David,Wright,madeline30@gmail.com,,,6021 Vaughn Pine,,,West Teresaville,Georgia,1335,United States,,,Auto,,1150,0,No,,Yes
44,"Miller, Frank and Sanders",Anthony,Mcfarland,amberwatts@gmail.com,,,936 Lopez Plains,,,North Aaronstad,Wisconsin,41808,United States,,,Auto,,100,0,No,,Yes
45,Hogan Group,Christopher,Rivera,wgreene@hotmail.com,,,6511 Lopez Prairie Suite 965,,,East Kennethview,Nebraska,96179,United States,,,Auto,,30,0,No,,Yes
46,Foster-Watson,Victor,Bowman,jshelton@schultz-curtis.com,,,8385 Michael Landing,,,North Christopherside,Massachusetts,6868,United States,,,Auto,,1610,0,No,,Yes
47,Salinas-Webster,Elizabeth,Davis,rhamilton@knox.com,,,7831 Bass Way Suite 254,,,Davidmouth,Alaska,91798,United States,,,Never,,29696.77,0,No,,Yes
48,"Bernard, Martin and Adams",Benjamin,Martin,leonardzachary@parrish.com,,,76968 Miller Circle Suite 218,,,Garciahaven,California,78073,United States,,,Auto,,750,0,No,,Yes
49,Kelly Inc,Tonya,Kim,jpittman@brown.com,,,429 Scott Harbor,,,Thomasburgh,Indiana,92415,United States,,,Auto,7,6357,0,No,,Yes
50,Mcdonald-Marks,Jaime,Scott,qvalenzuela@smith-garcia.com,,,3940 Holmes Fords,,,Fernandezville,Delaware,33773,United States,,,Auto,,650,0,No,,Yes
51,Casey-Martin,Jonathan,Valencia,davidshelton@ramirez.com,,,389 Sherri Springs,,,South Omarfurt,Wisconsin,56862,United States,,,Auto,,0,0,No,,Yes
52,Mason-Butler,Susan,Cummings,bryan17@silva.com,,,54921 Cathy Forges Suite 360,,,West James,Illinois,79448,United States,,,Auto,,0,0,No,,Yes
53,"Rogers, Mcmahon and Rodriguez",David,Knox,garciaamanda@gmail.com,,,8638 Wolfe Run Apt. 359,,,Harrisville,Washington,91125,United States,,,Auto,14,3538,0,No,,Yes
54,"Gonzalez, Johnson and Soto",Maria,Green,hannahturner@yahoo.com,,,741 Miles Run,,,Rhondafurt,Washington,60075,United States,,,Auto,,575,0,No,,Yes
55,Miller-Lucas,Jean,Price,richard73@forbes.com,,,9432 Maxwell Circle Suite 956,,,South Lisafurt,Minnesota,53098,United States,,,Auto,,275,0,No,,Yes
56,Noble and Sons,Julie,Jackson,danieldean@lee.com,,,8582 Andrew Extension,,,Port Jenniferton,Alaska,65917,United States,,,Auto,,800,0,No,,Yes
57,"Stewart, Martinez and Madden",Cody,Johnson,fgillespie@rodriguez.com,,,87175 John Coves Suite 808,,,Rodriguezbury,Arizona,67578,United States,,,Auto,,1156.5,0,No,,Yes
58,Jones Inc,Amanda,Shaffer,nreynolds@martin.com,,,3227 Christina Trail Suite 000,,,East Sabrinaport,Montana,93635,United States,,,Auto,7,10655.88,0,No,,Yes
59,Washington Ltd,Francisco,Berger,whitejessica@martinez.com,,,41548 Lopez Lodge,,,Davisland,Pennsylvania,6971,United States,,,Auto,,495,0,No,,Yes
60,"Fuller, Wolf and Jones",Michael,Martin,chavezcorey@jones.org,,,2474 James Overpass,,,Pagemouth,Illinois,11688,United States,,,Auto,,1275,0,No,,Yes
61,Jones Inc,Anne,Ferguson,brittanyrivera@jordan.org,,,1276 Garcia Crossroad,,,Martinezfurt,Hawaii,54541,United States,,,Auto,,575,0,No,,Yes
62,Castro Ltd,Jennifer,Harrison,jaredhanson@hotmail.com,,,9197 Santiago Roads Suite 559,,,Donnabury,Delaware,57086,United States,,,Auto,,425,0,No,,Yes
63,Davis-Bradshaw,Paul,Brown,jake85@hotmail.com,,,782 Johnson Lock Apt. 873,,,Ashleyburgh,North Dakota,47271,United States,,,Auto,,1045,0,No,,Yes
64,"Stewart, Larsen and Schmitt",Caleb,Smith,shannonfleming@yahoo.com,,,5512 Lambert Groves Apt. 540,,,Pricechester,Nebraska,88208,United States,,,Auto,,900,0,No,,Yes
65,"Skinner, Snyder and Hamilton",Jeremiah,Moody,ballbecky@yahoo.com,,,12794 Hill Way Suite 553,,,Kellyshire,Kansas,56630,United States,,,Auto,,1200,0,No,,Yes
66,"Mcknight, Andrews and Leach",Monica,Jones,tyler61@stone.com,,,76841 Christopher Ferry Suite 335,,,New Katieburgh,Montana,56138,United States,,,Auto,,200,0,No,,Yes
67,"Wilkerson, Evans and Jones",John,Howard,jackie27@hotmail.com,,,798 Melissa Square Suite 728,,,Amyborough,West Virginia,78499,United States,,,Auto,,300,0,No,,Yes
68,Green-Rhodes,Deborah,Rose,danielleochoa@yahoo.com,,,870 Davis View Apt. 233,,,Johnland,Rhode Island,24600,United States,,,Auto,,900,0,No,,Yes
69,"Murphy, French and Johnson",Lynn,Young,carl25@lopez.com,,,997 Hughes Cape Apt. 863,,,Garciaborough,Alabama,82010,United States,,,Auto,,700,0,No,,Yes
70,Frazier-Davis,Michelle,Dodson,thomasharvey@yahoo.com,,,4496 George Squares,,,New Matthew,Nebraska,27683,United States,,,Auto,,0,750,No,,Yes
71,"Green, Daniel and Flores",Leah,Thomas,raypamela@hardy.com,,,2055 Gerald Land Suite 267,,,Jamesmouth,New Hampshire,44163,United States,,,Auto,7,10681.36,0,No,,Yes
72,Davis Ltd,Mary,Burns,gharrison@erickson-walls.com,,,87091 Andrea Causeway,,,Eatonhaven,Indiana,39928,United States,,,Auto,,1440,0,No,,Yes
73,"Day, Young and Lawrence",Allison,Allen,victoriarose@gmail.com,,,0331 Amy Summit,,,Davisborough,Montana,68937,United States,,,Auto,,0,2095,No,,Yes
74,Robinson LLC,Corey,Holland,vicki48@gmail.com,,,780 Allen Estate,,,Vanessachester,California,18458,United States,,DE813402170 - “Reverse-Charge-Method”,Never,,1020,0,No,,Yes
75,Rivera-Moody,Katherine,Morales,tylerpayne@yahoo.com,,,63173 Esparza Parks Suite 268,,,Port Jamesmouth,West Virginia,33734,United States,,,Always,,810,0,No,,Yes
76,Johns-Townsend,Timothy,Powell,boothedward@yahoo.com,,,162 Martin Shoal,,,North Madeline,North Carolina,40814,United States,,,Always,,864,0,No,,Yes
77,Roberts-Wilson,Robert,Ortiz,berryrobert@valencia-murphy.com,,,53381 Mcdaniel Lake,,,Lake Davidland,Florida,92937,United States,,,Auto,,575,0,No,,Yes
78,Johnson-Spence,Kyle,Higgins,ericreyes@gmail.com,,,78121 Dawn Summit Suite 408,,,New Davidmouth,Kansas,84712,United States,,,Auto,,1110,0,No,,Yes
79,Hale-Patton,Charles,Miller,caitlinmitchell@kennedy.biz,,,5768 Cynthia Vista,,,Port Dennis,New Jersey,4866,United States,,246 3885 75,Auto,15,85258.51,0,No,,Yes
80,"Huffman, Smith and Schmidt",Kimberly,Sexton,gbarrett@howe.com,,,551 Ross Fords Suite 115,,,North Kenneth,Vermont,19900,United States,,,Auto,,1200,0,No,,Yes
81,Benson Group,Gary,Villegas,snoweric@gmail.com,,,287 Bianca Avenue Suite 164,,,West Justinside,Ohio,67978,United States,,,Auto,,720,0,No,,Yes
82,King Inc,Michael,Gonzales,laurie28@patterson-marshall.com,,,163 Lisa Oval,,,Millerton,Arizona,28886,United States,,VAT IT02458550353,Auto,,600,0,No,,Yes
83,Williams-Morales,Michael,Bailey,jonathan65@hotmail.com,,,05076 Luke Ranch,,,Gloriafort,New York,6828,United States,,,Auto,7,10941.55,0,No,,Yes
84,Ortiz-Holloway,David,Christensen,samuelhiggins@yahoo.com,,,4666 Atkins Neck,,,Bradleyville,Arkansas,91609,United States,,,Auto,,0,28.74,No,,Yes
85,"Kelly, Cameron and Lucas",Rebecca,Henderson,andrewperry@johnson.com,,,746 Megan Expressway,,,Sheltonmouth,Vermont,94079,United States,,,Auto,,0,168.86,No,,Yes
86,"Bates, Smith and Thomas",Matthew,Parrish,diana11@hotmail.com,,,8631 Curtis Ramp,,,Glennhaven,Hawaii,15232,United States,,,Auto,,0,73.25,No,,Yes
87,Lawrence-Solomon,Danielle,Ward,dianecastro@yahoo.com,,,60809 Duncan Mountains Apt. 178,,,Jacobsonfurt,Idaho,9740,United States,,,Auto,14,2130,0,No,,Yes
88,Baker Group,Shawn,Stone,thomas89@cortez.com,,,6053 Martin Shoal Suite 789,,,New Micheleport,Delaware,92725,United States,,,Auto,,750,0,No,,Yes
89,Carr Inc,Caleb,Whitehead,lloydvictoria@richmond.info,,,301 Barajas Views,,,Lake Kevin,South Dakota,9130,United States,,,Auto,,17571.51,0,No,,Yes
90,"Turner, Howard and Jones",Laura,Gilbert,vcarson@lewis.info,,,16250 Waters Port,,,South Valerie,North Dakota,47293,United States,,,Auto,,2880,0,No,,Yes
91,Johnson Ltd,Joseph,Johnson,ohubbard@gmail.com,,,548 Johnson Manors,,,Washingtonport,Wyoming,35775,United States,,,Auto,,390,0,No,,Yes
92,Mitchell and Sons,Timothy,Stephenson,fred39@gmail.com,,,46265 Gallagher Forges Apt. 636,,,Port Jamesshire,Indiana,40220,United States,,,Auto,,3630,0,No,,Yes
93,Garcia-Torres,Theresa,Rodriguez,edwardsjeffrey@gmail.com,,,546 Hayes Locks,,,Port Christopherfort,Iowa,76249,United States,,,Auto,,660,0,No,,Yes
94,"Martin, Watson and Lewis",Alyssa,Howard,matthew21@gmail.com,,,494 Ryan Wells Apt. 466,,,Mccoyport,Florida,90632,United States,,,Auto,7,1914,0,No,,Yes
95,Proctor-Baldwin,David,Robles,ortiznathan@rice.com,,,440 Laura Flats,,,Youngtown,Arizona,63554,United States,,,Auto,,1110,0,No,,Yes
96,"Thomas, Walker and Wilson",Kari,Drake,harringtonvictoria@yahoo.com,,,1468 Thomas Locks Apt. 741,,,Stephanieburgh,Maine,78890,United States,,,Auto,,9750,0,No,,Yes
97,Martinez PLC,Sandra,Clark,georgeherrera@yahoo.com,,,52261 Richardson Ways,,,Brandyshire,Kentucky,72219,United States,,,Auto,,1620,0,No,,Yes
98,Hansen Group,Dawn,Jacobs,franklorraine@yahoo.com,,,52366 Fuller Shoals Suite 431,,,Port Jill,Texas,89058,United States,,,Auto,,0,0,No,,Yes
99,Porter-Tucker,Nicole,Ferguson,karen03@jimenez.com,,,35129 Young Passage,,,Jessicaberg,Texas,45083,United States,,,Auto,,2970,0,No,,Yes
100,Owens-Alexander,Tracy,Johnson,briangarcia@yahoo.com,,,0577 Coffey Port Apt. 115,,,Jesseport,Maine,42882,United States,,,Auto,,1440,0,No,,Yes
101,"Rivera, Bell and Nguyen",Christine,Norris,wellsdebbie@yahoo.com,,,3824 Allen Isle,,,Williamsborough,Montana,17278,United States,,,Auto,,660,0,No,,Yes
102,Chapman-Morris,Joyce,Raymond,mcmillananita@yahoo.com,,,78975 Cook Wells Apt. 255,,,Port Lorihaven,Washington,83176,United States,,,Auto,,3600,0,No,,Yes
103,"Cook, Rodriguez and Thomas",Derek,Lee,elopez@davis.com,,,562 Kathryn Streets Apt. 598,,,Hilltown,Georgia,18702,United States,,,Auto,,474,0,No,,Yes
104,Garza-Nelson,Anthony,Cox,ramirezmargaret@yahoo.com,,,00569 Murphy Fields,,,New Martinstad,Pennsylvania,14771,United States,,,Auto,,5736,0,No,,Yes
105,Duran-Brown,Patricia,Livingston,brandonreeves@hotmail.com,,,1826 Lara Isle,,,Bellstad,Minnesota,66669,United States,,,Auto,,1650,0,No,,Yes
106,"Baker, Williams and Hill",Maria,Acevedo,mhernandez@miller.info,,,86043 Shah Fields Suite 749,,,North Joshua,Arkansas,2756,United States,,,Auto,14,11820,0,No,,Yes
107,Garcia-Thomas,Deanna,Pitts,nicholasholloway@austin.net,,,91625 Weeks Mountain Suite 782,,,Robleston,Mississippi,10118,United States,,,Auto,,1260,0,No,,Yes
108,Chang-Golden,Brittney,Jacobs,rhunt@morgan-orr.org,,,4841 Jonathan Spur,,,Robertview,Virginia,70378,United States,,,Auto,,2370,0,No,,Yes
109,Proctor-Bailey,Stephen,Green,sosasteven@yahoo.com,,,6451 Ronald Cape Apt. 674,,,Lake Maria,Idaho,9327,United States,,,Auto,,0,0,No,,Yes
110,Molina LLC,Barry,Moreno,michael71@gmail.com,,,0937 Julia Shoals Suite 946,,,Davidstad,North Dakota,92447,United States,,,Auto,7,9186,0,No,,Yes
111,Rowe LLC,Michael,Mckinney,gonzalezarthur@mitchell-conley.com,,,392 Lucero Keys,,,New Hunter,New York,62314,United States,,,Auto,7,14466,0,No,,Yes
112,Anderson Group,Karen,Rodriguez,ureyes@mitchell-hudson.info,,,3242 Joseph Lodge Apt. 166,,,Port Dustin,Arizona,14172,United States,,,Never,7,1100,0,No,,Yes
113,Gomez-Tanner,Margaret,Smith,richard01@johnson.biz,,,1969 James Point Apt. 615,,,North Christinaburgh,Florida,49198,United States,,,Auto,7,2043,0,No,,Yes
114,Pacheco-Brady,Ronald,Sanders,charlesmiller@yahoo.com,,,653 Stewart Vista Apt. 413,,,East Maryport,Illinois,72254,United States,,,Auto,14,1632,0,No,,Yes
115,Turner-Flynn,Andrea,Gutierrez,petersonchristopher@gmail.com,,,7898 Jennifer Ferry,,,East James,Minnesota,71506,United States,,,Auto,7,180,0,No,,Yes
116,Christian LLC,Christy,Mendoza,ericbrown@warren.info,,,05323 Paul Well Apt. 367,,,Sarahport,Ohio,43718,United States,,,Auto,14,6480,0,No,,Yes
117,"Perez, Joseph and Green",Christina,Koch,ndawson@hotmail.com,,,9244 Santiago Road,,,Deanburgh,Nebraska,79776,United States,,,Auto,7,9120,0,No,,Yes
118,"Lawson, Navarro and Evans",Hannah,Ramsey,castillojames@boyer.com,,,0490 Eric Ramp,,,Jameston,Oregon,69911,United States,,,Auto,14,3550,0,No,,Yes
119,"Zimmerman, Pace and Sanders",Christian,Garcia,michael81@hotmail.com,,,50559 Jimenez Road Apt. 915,,,Taraville,Utah,1915,United States,,,Auto,7,10350,0,No,,Yes
120,Jones-Rodriguez,Thomas,Walton,richardmoore@hotmail.com,,,19008 Brown Trail Suite 621,,,Thomasburgh,Montana,18861,United States,,,Auto,14,2790,0,No,,Yes
121,"Ross, James and Park",Tonya,Steele,kingandrea@hotmail.com,,,542 Smith Circles Apt. 340,,,Lake Stephanie,Nebraska,84641,United States,,,Auto,7,948,0,No,,Yes
122,Riley-Wilkins,Brian,Delgado,kevin05@hotmail.com,,,867 Johnson Rue,,,New David,Michigan,62890,United States,,,Auto,14,7560,0,No,,Yes
123,"Woods, Robinson and Johnson",Laurie,Boyd,alexanderhutchinson@hernandez.com,,,86145 Blake Street Apt. 543,,,Port Gregbury,New Jersey,37123,United States,,,Auto,14,960,0,No,,Yes
124,Sweeney Ltd,Jacqueline,Henry,steven32@yahoo.com,,,79300 Marilyn Prairie,,,Lake Nicholasshire,North Carolina,64914,United States,,,Auto,14,330,0,No,,Yes
125,Brown-Chandler,Kelly,Kramer,xbrewer@romero-gonzalez.org,,,333 Sparks Drives Suite 263,,,Murraytown,South Carolina,28535,United States,,,Auto,14,840,0,No,,Yes
126,Yates and Sons,Robin,Gonzalez,colerodney@gmail.com,,,96952 Schultz Road Apt. 440,,,Gregorymouth,Hawaii,19715,United States,,,Auto,14,4506,0,No,,Yes
127,Rose Group,Ryan,Davis,stephaniewise@dunlap-roberson.org,,,8908 Walsh Mountain Suite 210,,,North Keithville,Georgia,96781,United States,,SE556922131901,Auto,14,3495,0,No,,Yes
128,Gordon and Sons,Travis,Gordon,sarahflores@richards-holloway.org,,,4293 Burke Camp Apt. 199,,,Portermouth,Delaware,46884,United States,,,Auto,,0,300,No,,Yes
129,Robinson PLC,Brandon,Scott,monica83@yahoo.com,,,2201 Andrew Island,,,Greentown,South Carolina,62830,United States,,,Auto,7,2520,0,No,,Yes
130,Joseph-Stanley,Larry,Warren,michelle17@bullock.com,,,612 Lori Greens Suite 544,,,Lake Stephanie,Rhode Island,31205,United States,,,Auto,14,5395,0,No,,Yes
131,"Pope, Lowery and Smith",Linda,Wright,sonyabennett@yahoo.com,,,8073 Anna Way Suite 108,,,Farmershire,Idaho,6896,United States,,,Auto,7,210,0,No,,Yes
132,"Harris, Cruz and Valdez",William,Saunders,tyronefranco@yahoo.com,,,25607 Brown Land,,,North John,New Mexico,2985,United States,,,Auto,7,432,0,No,,Yes
133,"Smith, Avila and Williams",Cheryl,King,yblackburn@gmail.com,,,319 Nathan Underpass,,,Johnbury,Connecticut,36960,United States,,,Never,14,2025,0,No,,Yes
134,Dean Inc,Stephanie,Cook,lori20@powers-mitchell.biz,,,83432 Kim Island Apt. 737,,,Scottview,Pennsylvania,57697,United States,,,Auto,7,420,0,No,,Yes
135,"Thompson, Morris and Jackson",Mary,Mills,jamieryan@bridges.org,,,202 Colin Land,,,Nancystad,Oregon,12662,United States,,,Auto,7,3480,0,No,,Yes
136,Anderson PLC,Andrea,Crawford,marygarcia@ashley-gamble.com,,,83508 Jenkins Forks Apt. 420,,,Wrightton,California,99078,United States,,,Auto,14,9646.3,0,No,,Yes
137,Garcia LLC,Michelle,Bennett,diana96@cameron.org,,,286 Karen Mountains,,,Tammymouth,North Carolina,41483,United States,,,Auto,7,1050,0,No,,Yes
138,"Key, Williams and Jackson",Lindsey,White,vanessa18@barker.info,,,017 Patrick Plaza Apt. 934,,,Smithhaven,Alabama,71027,United States,,,Auto,14,3810,0,No,,Yes
139,Klein Inc,Bethany,Hoffman,millerkristen@yahoo.com,,,10081 Karen Wells Apt. 527,,,Maciasville,Tennessee,38895,United States,,,Auto,7,750,0,No,,Yes
140,Bowman Group,Jennifer,Thomas,agutierrez@hotmail.com,,,659 Debra Fork Apt. 787,,,Kempberg,Idaho,19570,United States,,,Auto,7,900,0,No,,Yes
141,Cooper Ltd,James,Fuentes,huertaadam@lawson.com,,,869 Johnson Pass,,,Boothhaven,New Mexico,35835,United States,,,Auto,7,450,0,No,,Yes
142,Mcmahon-Wood,Sandra,Dunn,hartmelissa@conway-reed.com,,,476 Young Glen,,,Deanmouth,Georgia,38402,United States,,,Auto,7,1655.94,0,No,,Yes
143,Nunez-Wang,Patricia,King,wsantos@hotmail.com,,,163 Kelly Flat,,,East Sarahport,Louisiana,73168,United States,,,Auto,7,900,0,No,,Yes
144,"Mcmillan, Hernandez and Davis",Daniel,Elliott,clarkjessica@little.net,,,11670 Kaylee Common Suite 140,,,Derekfurt,Oregon,8462,United States,,SE556631670801,Auto,14,350,0,No,,Yes
145,Mcintyre and Sons,Crystal,Jordan,ewilson@erickson-burns.com,,,41264 Bennett Coves Suite 936,,,Seanhaven,Rhode Island,85326,United States,,,Auto,7,750,0,No,,Yes
146,"Fry, Bryan and Miller",Barbara,Palmer,robertdonovan@robbins.net,,,9280 Mccarty Pines Apt. 743,,,Hoffmanberg,Oklahoma,89480,United States,,,Auto,7,1530,0,No,,Yes
147,"Shah, Lewis and Brady",Dylan,Wheeler,melinda75@yahoo.com,,,0884 Russell Parks,,,East Ashleyfurt,New York,86784,United States,,,Auto,14,362.5,0,No,,Yes
148,Jones-Brown,Karen,Carpenter,rmiller@anderson-brown.info,,,26505 Stewart Station Apt. 430,,,Toddshire,New Mexico,49719,United States,,SE556631670801,Auto,14,1075,0,No,,Yes
149,Gonzalez PLC,Jason,White,alice83@carter.info,,,5468 Lopez River,,,Donaldchester,New Hampshire,94044,United States,,813052667,Auto,7,900,0,No,,Yes
150,Johnson-Hall,Jennifer,Johnson,mendezmatthew@hotmail.com,,,538 Martinez Dam Apt. 865,,,North Aprilside,Oklahoma,29776,United States,,,Auto,7,1110,0,No,,Yes
151,Wolfe-Alvarado,Kent,Acosta,jason41@hotmail.com,,,23181 Williamson Pike,,,Port Stephanieport,Delaware,10814,United States,,,Auto,,0,0,No,,Yes
152,Smith Group,Linda,Greene,michaelwheeler@marks-johnson.com,,,3017 Thomas Track,,,Lake Melissa,Maryland,39695,United States,,,Auto,7,475,0,No,,Yes
153,Shelton-Vazquez,Dillon,Arnold,megan62@wilson.com,,,69361 Mcmillan Lake,,,West William,Arizona,37202,United States,,,Auto,7,1170,0,No,,Yes
154,"Booker, Young and Briggs",Melissa,Robles,nicholsrhonda@keller.com,,,263 John Point,,,Olsontown,West Virginia,58529,United States,,,Auto,7,660,0,No,,Yes
155,Johnson-Good,Marcus,Wang,murphydaniel@yahoo.com,,,836 Joy Oval Suite 552,,,South Michael,Florida,83525,United States,,,Auto,7,720,0,No,,Yes
156,Lewis-Palmer,Mary,Ryan,santiagochloe@shah-stokes.com,,,8573 Samantha Glens Apt. 535,,,Margaretfurt,Maryland,25588,United States,,,Auto,7,435,0,No,,Yes
157,Meyer-Jones,Chad,Bryant,malonejessica@hotmail.com,,,34159 Sara Overpass Suite 157,,,Jonesland,Montana,19821,United States,,,Auto,7,1320,0,No,,Yes
158,Johnson-Alvarez,Emily,Moore,cynthia51@kane.net,,,985 Ryan Ports Suite 339,,,Lake Jennifer,Utah,93494,United States,,,Auto,7,2070,0,No,,Yes
159,Weber Ltd,Deborah,Lee,samuelbaker@hawkins-olsen.org,,,40377 Brenda Cliff Apt. 789,,,New Timothyville,Wisconsin,50270,United States,,,Auto,7,1974,0,No,,Yes
160,"Johnston, Barr and Sutton",Charles,Hernandez,rthompson@taylor.com,,,431 Rebecca Centers,,,North Bradfort,Arkansas,61476,United States,,,Auto,7,0,0,No,,Yes
161,Jackson Group,Brian,Heath,dianegraham@carson.com,,,46327 Martin Island Suite 674,,,North Nathanfurt,West Virginia,50370,United States,,,Auto,7,480,0,No,,Yes
162,Nichols-Turner,Ruth,Giles,icarpenter@gmail.com,,,9133 Ellis Spurs Suite 031,,,Mariefurt,Tennessee,68199,United States,,,Auto,7,1620,0,No,,Yes
163,Randolph-Avila,Julie,Smith,joliver@schwartz-holland.com,,,0106 Cochran Fords Apt. 081,,,Emmachester,South Carolina,35417,United States,,,Auto,30,2300,0,No,,Yes
164,"Stevens, Rodriguez and Gallagher",Mary,Olson,hardymichelle@hotmail.com,,,471 Sarah Forest Suite 551,,,Amyside,Maine,73464,United States,,,Auto,7,420,0,No,,Yes
165,Smith Ltd,Amanda,Fitzgerald,tgraham@adkins.com,,,85636 Ford Turnpike,,,South Emmaport,Colorado,49446,United States,,GB 197023792,Auto,14,240,0,No,,Yes
166,"Ho, Suarez and Dixon",Rebecca,Johnson,gregory39@gmail.com,,,6308 Jorge Springs Apt. 236,,,Robertberg,Delaware,6620,United States,,,Auto,7,94.8,0,No,,Yes
167,"Ward, Clark and Schmitt",Dylan,Ward,bkeller@yahoo.com,,,87798 Lisa Oval,,,New Janicefurt,Nebraska,92185,United States,,,Auto,14,350,0,No,,Yes
168,Brooks-Hendrix,Kayla,Nunez,wlee@gallegos-phillips.com,,,82247 Meagan Estate,,,Lake Amanda,New York,10465,United States,,,Auto,14,450,0,No,,Yes
169,Wallace-Smith,Brittney,Beasley,acostadavid@barnes.com,,,3492 Michael Terrace,,,Wolfside,Florida,82185,United States,,,Auto,14,270,0,No,,Yes
170,Crawford Inc,Mark,Austin,bowmansusan@roman.com,,,00821 Tonya Forks Suite 440,,,Mackenzieshire,Ohio,76592,United States,,,Auto,14,3600,0,No,,Yes
171,"Cross, Mills and Mcneil",Joyce,Harris,heather62@hotmail.com,,,107 Jones Drive Apt. 379,,,West Tannerbury,North Dakota,25995,United States,,,Auto,7,810,0,No,,Yes
172,"Leonard, Stevens and Barker",Tammy,Johnson,garciakimberly@yahoo.com,,,964 Daniel Crest Suite 133,,,Samanthaville,Pennsylvania,35805,United States,,,Auto,7,690,0,No,,Yes
173,"Lopez, Bennett and Chapman",Lisa,Cook,travis62@gmail.com,,,943 Kimberly Mountain Apt. 323,,,East Rebeccamouth,Minnesota,92905,United States,,,Auto,7,500,0,No,,Yes
174,"Jones, Martin and Francis",Jeremy,Brown,lisa10@hotmail.com,,,115 Craig Way Apt. 402,,,Kathleenside,North Dakota,64485,United States,,,Auto,14,1838.78,0,No,,Yes
175,Hurley-Daniels,Alicia,Jackson,ahenson@nolan-buck.com,,,29149 Laura Crossing,,,East Alexandra,Florida,58011,United States,,,Auto,14,0,0,No,,Yes
176,"Simpson, Rodriguez and Avery",Michael,Mcmahon,grant09@yahoo.com,,,756 Mary Courts Apt. 866,,,South Frank,Louisiana,43544,United States,,,Auto,14,465,0,No,,Yes
177,Gill-Martinez,Carla,Roberts,kmitchell@yahoo.com,,,90610 Church Islands,,,North Nicoleside,Nebraska,61801,United States,,,Auto,7,0,0,No,,Yes
178,Cochran LLC,Walter,Vasquez,michaelblackwell@gmail.com,,,29809 Sandra Gardens Suite 885,,,Port Wendy,North Dakota,23562,United States,,,Auto,7,1382.4,0,No,,Yes
179,"Berger, Sanchez and Williams",Margaret,King,simpsoncolleen@alvarado-rush.biz,,,17425 Christine Prairie Suite 643,,,Markbury,Montana,50611,United States,,,Auto,7,4436.04,0,No,,Yes
180,Walton-Powell,Tammy,Maxwell,patricia88@lopez.org,,,341 Sean Lake,,,Robinsonbury,North Carolina,94831,United States,,,Auto,7,11310,0,No,,Yes
181,Wright-Davis,Richard,Cameron,wendywilliams@wright.com,,,08241 Johnson Inlet Suite 379,,,West Christina,Kansas,16509,United States,,,Auto,7,450,0,No,,Yes
182,"Rodriguez, Williams and Lopez",Micheal,Thompson,daviskatherine@hotmail.com,,,590 Isaac Isle Suite 005,,,New Kelly,Kentucky,40300,United States,,,Auto,7,846,0,No,,Yes
183,Brown-Brown,Miguel,Sanchez,fstout@perry.net,,,679 Jensen Fords,,,West Christopher,Pennsylvania,86833,United States,,,Auto,30,400,0,No,,Yes
184,Palmer and Sons,Steven,Johnston,bmcmahon@gmail.com,,,98573 Alexis Inlet Apt. 294,,,Jamesville,Utah,51596,United States,,,Auto,14,1800,0,No,,Yes
185,Thomas-Bennett,Amanda,Fitzgerald,jgarcia@hotmail.com,,,4685 John Center,,,Vasqueztown,Kentucky,39123,United States,,,Auto,10,385,0,No,,Yes
186,"Choi, Heath and Tran",Anthony,Hart,keith73@ware.biz,,,2785 Salas Meadow Apt. 720,,,Landrymouth,Florida,53800,United States,,,Auto,10,570,0,No,,Yes
187,"Burke, Walker and Valencia",Angela,Chambers,nathan70@hotmail.com,,,98720 Christine Street,,,Simmonsview,North Carolina,3339,United States,,,Auto,10,2430,0,No,,Yes
188,Hughes-Murillo,Jennifer,Morris,bnavarro@hunter.com,,,605 Eric Stream,,,Webbstad,Illinois,78611,United States,,,Auto,10,0,0,No,,Yes
189,Cook-Jones,Kelly,Lee,juliesimon@douglas-fox.com,,,941 Gonzalez Forest,,,Port Elizabeth,Wisconsin,14341,United States,,,Auto,7,325,0,No,,Yes
190,Foley Inc,Zachary,Garcia,xchaney@hotmail.com,,,78255 Willis Isle,,,East Mark,Georgia,42742,United States,,,Auto,14,630,0,No,,Yes
191,Jones Group,Todd,Dixon,nallen@gmail.com,,,50735 Jamie Lake Suite 153,,,Estesstad,Oregon,97179,United States,,,Auto,14,1991.4,0,No,,Yes
192,Conley Group,Brian,Hoffman,lauraharris@rodriguez.com,,,300 Rebecca Manors Apt. 429,,,Perezberg,Oklahoma,83569,United States,,,Auto,7,420,0,No,,Yes
193,Giles-Gonzalez,Jessica,Jenkins,xmurphy@hotmail.com,,,328 Cynthia Crossroad,,,Brianmouth,Wisconsin,87821,United States,,,Auto,7,484,0,No,,Yes
194,Vance-Mason,Richard,Norton,apotter@liu-frazier.com,,,763 Mendoza Summit Apt. 663,,,Millerton,South Carolina,68701,United States,,,Auto,14,660,0,No,,Yes
195,Santos Inc,Diana,Garcia,heather33@yahoo.com,,,012 Joshua Walks,,,Martinside,Hawaii,17255,United States,,,Auto,14,870,0,No,,Yes
196,Nelson-Sanchez,Angela,Simmons,monica49@lopez.net,,,2161 Jackson Rue,,,Marshview,Indiana,13458,United States,,,Auto,7,1320,0,No,,Yes
197,Zimmerman Group,Jason,Proctor,leah37@hotmail.com,,,525 Ramirez Streets Apt. 584,,,Pattersonbury,South Carolina,32178,United States,,,Auto,7,720,0,No,,Yes
198,Osborne-Foster,Jamie,Cortez,abrown@alexander.com,,,903 Kendra Burgs,,,East Gabriel,Hawaii,84963,United States,,,Auto,7,1020,0,No,,Yes
199,Dean Group,Jennifer,Thompson,hjennings@freeman.com,,,6424 Martinez Drive Apt. 447,,,Port Angelastad,Ohio,62682,United States,,,Auto,7,450,0,No,,Yes
200,Thompson-Baird,Sara,Miller,jared30@hotmail.com,,,243 Pollard Skyway,,,Port Jerome,Maine,15398,United States,,,Auto,7,1740,0,No,,Yes
201,Anderson-Cervantes,Adrian,Wood,adrienne18@anderson.net,,,483 Thomas Plains Apt. 744,,,South Richardville,Delaware,96859,United States,,,Auto,10,1560,0,No,,Yes
202,"Howell, Barrera and Lewis",Christopher,Nixon,xboyd@hotmail.com,,,24086 Andrew Drives Apt. 150,,,East Denise,Maryland,15414,United States,,,Auto,7,450,0,No,,Yes
203,"Martinez, Webster and Valdez",John,Allen,kcohen@gmail.com,,,703 Williams Neck Suite 965,,,Angieborough,South Dakota,10399,United States,,,Auto,10,1410,0,No,,Yes
204,Hernandez Group,Johnathan,Bowers,amanda53@wilkinson-sloan.com,,,89908 Heather Loop,,,Craigmouth,New Hampshire,71982,United States,,,Auto,7,540,0,No,,Yes
205,Roberts PLC,Diane,Davis,heather58@harvey.net,,,2970 Linda Neck Apt. 955,,,Lake Antoniostad,Idaho,66566,United States,,,Auto,14,360,0,No,,Yes
206,Kim-Sanchez,Dawn,Smith,brookerodriguez@yahoo.com,,,98050 Benson Stravenue Apt. 602,,,Troyfurt,Missouri,20430,United States,,,Auto,7,1020,0,No,,Yes
207,Johnson and Sons,Bradley,Castro,terri85@smith.com,,,49069 Ashley Spur,,,Lake Justin,South Dakota,66958,United States,,,Auto,7,575,0,No,,Yes
208,"Parker, Baker and Singleton",Jesus,Perry,millerryan@yahoo.com,,,07569 Margaret Lights Apt. 636,,,East Philipchester,Oregon,64099,United States,,,Auto,7,150,0,No,,Yes
209,"Jones, Thompson and Perez",Juan,Taylor,riverarebecca@yahoo.com,,,0638 Bishop Lane,,,East Brianfurt,Nevada,75143,United States,,,Auto,10,450,0,No,,Yes
210,"Caldwell, Meyer and Mitchell",Donna,Smith,ashleywilson@yahoo.com,,,7230 Edward Expressway Suite 402,,,Annafort,Alabama,12772,United States,,,Auto,7,990,0,No,,Yes
211,Snyder-Snyder,Stephanie,Holland,christopher14@moore.org,,,61906 Sydney Flat,,,West Carlos,California,17651,United States,,,Auto,10,900,0,No,,Yes
212,Ramirez Group,Scott,Garcia,richard01@french.com,,,25586 Vanessa Expressway Apt. 621,,,West Michael,Rhode Island,16265,United States,,,Never,7,775,0,No,,Yes
213,Jones-Allen,Elijah,Avila,rayalyssa@yahoo.com,,,143 Louis Shore Apt. 859,,,Taraburgh,Pennsylvania,65006,United States,,,Auto,7,900,0,No,,Yes
214,Lewis Inc,Megan,Wilson,gmatthews@lucas-walker.biz,,,484 David Creek Apt. 067,,,South Rebecca,Indiana,51331,United States,,,Auto,14,1740,0,No,,Yes
215,Morris Ltd,Elaine,Warren,meganherring@hotmail.com,,,44795 Michael Passage,,,Sandovalhaven,Tennessee,19986,United States,,,Never,14,3775,0,No,,Yes
216,"Juarez, Bailey and Wilson",Julie,Green,ebrooks@lawrence-fitzgerald.info,,,659 Banks Prairie,,,Lake Morgan,Wisconsin,28439,United States,,,Auto,14,870,0,No,,Yes
217,Farley-Johnson,Casey,Wilson,jeremymahoney@campbell-joseph.org,,,52756 Michael Meadows,,,Saraport,New Mexico,96638,United States,,,Auto,14,5745,0,No,,Yes
218,"Berg, Turner and Reed",Joseph,Mosley,charlene67@sanchez.com,,,98947 Katie Prairie Suite 912,,,Harrisport,Missouri,71779,United States,,,Auto,14,2458.8,0,No,,Yes
219,Hughes Ltd,Christian,Thompson,armstrongkevin@hotmail.com,,,5109 Rowe Station,,,Danielmouth,Utah,67115,United States,,,Auto,10,1680,0,No,,Yes
220,"Flores, Christensen and Powell",Robert,Salinas,wendywelch@hotmail.com,,,789 Jose Land,,,East Stevenfort,New Hampshire,37747,United States,,,Auto,10,5052,0,No,,Yes
221,Moore-Huynh,Reginald,Watson,yhall@phillips.info,,,2399 Kaufman Neck,,,Phillipsborough,Florida,49094,United States,,,Never,10,300,0,No,,Yes
222,"Gray, Holmes and David",Christopher,Bradford,samuelcasey@williams.com,,,08317 Cheryl Points,,,South Anthony,Indiana,50119,United States,,,Auto,10,420,0,No,,Yes
223,Mendez-Long,Jennifer,Fernandez,karl73@miller-scott.com,,,04934 Teresa Hills Suite 919,,,Edwardsport,Utah,94989,United States,,,Auto,14,858,0,No,,Yes
224,"Foster, Robinson and Rodriguez",Jill,Boyd,eolson@lee.info,,,4890 Margaret Fords,,,Wallacestad,Louisiana,78977,United States,,,Auto,14,4932,0,No,,Yes
225,"Gardner, Weaver and Garcia",Adrian,White,gabriel78@yahoo.com,,,381 Christopher Wells Apt. 320,,,Sotoshire,Maryland,73570,United States,,,Auto,14,150,0,No,,Yes
226,"Anderson, Gray and Graham",Crystal,Levine,brandybeck@gmail.com,,,7629 Stewart Greens Apt. 516,,,South Cynthia,California,75199,United States,,,Auto,14,780,0,No,,Yes
227,"Perez, Campbell and Bennett",Michelle,Morales,martinbrown@gmail.com,,,26768 Johnson Cliffs,,,Cooperfort,Massachusetts,76824,United States,,,Auto,14,459.6,0,No,,Yes
228,Salas LLC,Allison,Smith,vsimpson@diaz-cobb.com,,,85388 James Falls,,,Hamiltonchester,Kentucky,77332,United States,,,Auto,14,450,0,No,,Yes
229,Duncan PLC,John,Parsons,smithsamuel@greene.com,,,394 Carney Knoll Suite 419,,,East Sharonville,South Dakota,3402,United States,,,Always,10,1440,0,No,,Yes
230,"Colon, Mcbride and Williams",David,Frank,lauren61@harding-diaz.com,,,55412 Herrera Road,,,Lake Kevin,Colorado,47926,United States,,,Auto,10,3600,0,No,,Yes
231,"Russell, Galvan and Taylor",George,Mccormick,jacqueline05@compton.com,,,56708 Stephens Road,,,Lake Eddiechester,West Virginia,28568,United States,,,Never,14,350,0,No,,Yes
232,"Mcdonald, Douglas and Henderson",Louis,Braun,ashley43@reed-bryan.com,,,9670 Bridget Lights,,,North Christina,Alabama,86710,United States,,,Auto,10,0,0,No,,Yes